"Infection","Lineage_type","filenames","reference_sample","seqlength","mapped"
"CNS","Lineage_I","/path/2/LinILM_JF5203JF5203chromosome.fastaq20.sorted.cov","yes",2900890,8978689
"CNS","Lineage_I","/path/2/LinILM_LMNC423JF5203chromosome.fastaq20.sorted.cov","no",2900890,9591091
"CNS","Lineage_I","/path/2/LinILM_LMNC409JF5203chromosome.fastaq20.sorted.cov","no",2900890,870157
"CNS","Lineage_I","/path/2/LinILM_JF4908JF5203chromosome.fastaq20.sorted.cov","no",2900890,2182941
"CNS","Lineage_I","/path/2/LinILM_LMNC418JF5203chromosome.fastaq20.sorted.cov","no",2900890,9608655
"CNS","Lineage_I","/path/2/LinILM_LMNC067JF5203chromosome.fastaq20.sorted.cov","no",2900890,3791742
"ENV","Lineage_I","/path/2/LinILM_LMNC281JF5203chromosome.fastaq20.sorted.cov","no",2900890,3088961
"CNS","Lineage_I","/path/2/LinILM_JF4901JF5203chromosome.fastaq20.sorted.cov","no",2900890,1926369
"CNS","Lineage_I","/path/2/LinILM_JF5196JF5203chromosome.fastaq20.sorted.cov","no",2900890,9247169
"CNS","Lineage_I","/path/2/LinILM_JF5208JF5203chromosome.fastaq20.sorted.cov","no",2900890,9471206
"CNS","Lineage_I","/path/2/LinILM_LMNC383JF5203chromosome.fastaq20.sorted.cov","no",2900890,4186967
"ENV","Lineage_I","/path/2/LinILM_LMNC304JF5203chromosome.fastaq20.sorted.cov","no",2900890,1175224
"CNS","Lineage_I","/path/2/LinILM_LMNC416JF5203chromosome.fastaq20.sorted.cov","no",2900890,5793528
"CNS","Lineage_I","/path/2/LinILM_LMNC433JF5203chromosome.fastaq20.sorted.cov","no",2900890,5755926
"CNS","Lineage_I","/path/2/LinILM_JF4909JF5203chromosome.fastaq20.sorted.cov","no",2900890,9537529
"CNS","Lineage_I","/path/2/LinILM_LMNC384JF5203chromosome.fastaq20.sorted.cov","no",2900890,9069210
"OCL","Lineage_I","/path/2/LinILM_LMNC152JF5203chromosome.fastaq20.sorted.cov","no",2900890,16507702
"CNS","Lineage_I","/path/2/LinILM_LMNC419JF5203chromosome.fastaq20.sorted.cov","no",2900890,2474114
"CNS","Lineage_I","/path/2/LinILM_LMNC413JF5203chromosome.fastaq20.sorted.cov","no",2900890,5786246
"CNS","Lineage_I","/path/2/LinILM_JF5861JF5203chromosome.fastaq20.sorted.cov","no",2900890,9601340
"CNS","Lineage_I","/path/2/LinILM_JF5186JF5203chromosome.fastaq20.sorted.cov","no",2900890,9430915
"ENV","Lineage_II","/path/2/LinIILM_LMNC369JF5203chromosome.fastaq20.sorted.cov","no",2900890,5245320
"ENV","Lineage_II","/path/2/LinIILM_JF5809JF5203chromosome.fastaq20.sorted.cov","no",2900890,8822060
"CNS","Lineage_II","/path/2/LinIILM_JF5172JF5203chromosome.fastaq20.sorted.cov","no",2900890,2079050
"CNS","Lineage_II","/path/2/LinIILM_JF5164JF5203chromosome.fastaq20.sorted.cov","no",2900890,8435365
"OCL","Lineage_II","/path/2/LinIILM_JF5830JF5203chromosome.fastaq20.sorted.cov","no",2900890,5881170
"ENV","Lineage_II","/path/2/LinIILM_LMNC255JF5203chromosome.fastaq20.sorted.cov","no",2900890,946488
"ENV","Lineage_II","/path/2/LinIILM_LMNC314JF5203chromosome.fastaq20.sorted.cov","no",2900890,1542510
"ENV","Lineage_II","/path/2/LinIILM_JF5593JF5203chromosome.fastaq20.sorted.cov","no",2900890,1079601
"CNS","Lineage_II","/path/2/LinIILM_JF4930JF5203chromosome.fastaq20.sorted.cov","no",2900890,8783605
"ENV","Lineage_II","/path/2/LinIILM_LMNC333JF5203chromosome.fastaq20.sorted.cov","no",2900890,5333909
"ENV","Lineage_II","/path/2/LinIILM_LMNC270JF5203chromosome.fastaq20.sorted.cov","no",2900890,1104018
"CNS","Lineage_II","/path/2/LinIILM_LMNC055JF5203chromosome.fastaq20.sorted.cov","no",2900890,887124
"CNS","Lineage_II","/path/2/LinIILM_LMNC477JF5203chromosome.fastaq20.sorted.cov","no",2900890,1279759
"OCL","Lineage_II","/path/2/LinIILM_JF5577JF5203chromosome.fastaq20.sorted.cov","no",2900890,5473950
"CNS","Lineage_II","/path/2/LinIILM_LMNC083JF5203chromosome.fastaq20.sorted.cov","no",2900890,5375973
"CNS","Lineage_II","/path/2/LinIILM_LMNC065JF5203chromosome.fastaq20.sorted.cov","no",2900890,5294781
"ENV","Lineage_II","/path/2/LinIILM_LMNC309JF5203chromosome.fastaq20.sorted.cov","no",2900890,825810
"ENV","Lineage_II","/path/2/LinIILM_LMNC288JF5203chromosome.fastaq20.sorted.cov","no",2900890,801339
"CNS","Lineage_II","/path/2/LinIILM_LMNC410JF5203chromosome.fastaq20.sorted.cov","no",2900890,3969756
"CNS","Lineage_II","/path/2/LinIILM_LMNC085JF5203chromosome.fastaq20.sorted.cov","no",2900890,5446396
